<?xml version="1.0" encoding="utf-16"?>
<ArrayOfPersonXml xmlns:xsi="http://www.w3.org/2001/XMLSchema-instance" xmlns:xsd="http://www.w3.org/2001/XMLSchema">
  <PersonXml>
    <FirstName>Lars</FirstName>
    <LastName>Thurman</LastName>
  </PersonXml>
  <PersonXml>
    <FirstName>David</FirstName>
    <LastName>Gibson</LastName>
  </PersonXml>
  <PersonXml>
    <FirstName>Paul</FirstName>
    <LastName>Heritage</LastName>
  </PersonXml>
  <PersonXml>
    <FirstName>Nicholas</FirstName>
    <LastName>Tesla</LastName>
  </PersonXml>
</ArrayOfPersonXml>
